game,harness,metric,episodes,episodes_with_event,event_count,mean_episode_percent
wordle,hermes,diagnostics,14,1,1,7.142857142857143
wordle,hermes,repairs,14,1,1,7.142857142857143
wordle,hermes,background,14,0,0,0.0
wordle,hermes,polls,14,0,0,0.0
wordle,hermes,interruptions,14,1,1,7.142857142857143
wordle,openclaw,diagnostics,14,0,0,0.0
wordle,openclaw,repairs,14,0,0,0.0
wordle,openclaw,background,14,3,5,21.428571428571427
wordle,openclaw,polls,14,3,8,21.428571428571427
wordle,openclaw,interruptions,14,1,1,7.142857142857143
chronicle,hermes,diagnostics,15,0,0,0.0
chronicle,hermes,repairs,15,0,0,0.0
chronicle,hermes,background,15,0,0,0.0
chronicle,hermes,polls,15,0,0,0.0
chronicle,hermes,interruptions,15,0,0,0.0
chronicle,openclaw,diagnostics,15,0,0,0.0
chronicle,openclaw,repairs,15,0,0,0.0
chronicle,openclaw,background,15,0,0,0.0
chronicle,openclaw,polls,15,0,0,0.0
chronicle,openclaw,interruptions,15,0,0,0.0
