model,harness,game,experiment,episode,metric,call_id,tool,path,excerpt,trace
qwen3.8-2.4t-a95b,hermes,wordle,medium_frequency_words_no_clue_no_critic,instance_00010,diagnostics,chatcmpl-tool-a87309733e0c5301,write_file,/workspace/build_matrix.py,"SyntaxError: invalid syntax. Perhaps you forgot a comma? (line 59, column 36)",results_wordle/hermes-with-qwen3.8-2.4t-a95b/wordle/medium_frequency_words_no_clue_no_critic/instance_00010/agent_loop.json
qwen3.8-2.4t-a95b,hermes,wordle,medium_frequency_words_no_clue_no_critic,instance_00010,repairs,chatcmpl-tool-9463001fd23be0f8,write_file,/workspace/build_matrix.py,/workspace/build_matrix.py: passing lint after chatcmpl-tool-a87309733e0c5301,results_wordle/hermes-with-qwen3.8-2.4t-a95b/wordle/medium_frequency_words_no_clue_no_critic/instance_00010/agent_loop.json
qwen3.8-2.4t-a95b,hermes,wordle,medium_frequency_words_no_clue_no_critic,instance_00011,interruptions,chatcmpl-tool-aa54127ab127d7ef,terminal,,"aping daunt faint fanny fauna gaunt haunt jaunt nanny paint saint sauna taint taunt tawny vaunt\n\n[Command timed out after 300s]"", ""exit_code"": 124, ""error"": null}",results_wordle/hermes-with-qwen3.8-2.4t-a95b/wordle/medium_frequency_words_no_clue_no_critic/instance_00011/agent_loop.json
qwen3.8-2.4t-a95b,openclaw,wordle,medium_frequency_words_no_clue_no_critic,instance_00006,background,chatcmpl-tool-9eb050cc39eebf34,exec,,"Command still running (session tender-valley, pid 129). Use process (list/poll/log/write/send-keys/submit/paste/kill/clear/remove) for follow-up.",results_wordle/openclaw-with-qwen3.8-2.4t-a95b/wordle/medium_frequency_words_no_clue_no_critic/instance_00006/agent_loop.json
qwen3.8-2.4t-a95b,openclaw,wordle,medium_frequency_words_no_clue_no_critic,instance_00006,polls,chatcmpl-tool-92d6c64ac943c84c,process,,"{""action"": ""poll"", ""sessionId"": ""tender-valley"", ""timeout"": 30000}",results_wordle/openclaw-with-qwen3.8-2.4t-a95b/wordle/medium_frequency_words_no_clue_no_critic/instance_00006/agent_loop.json
qwen3.8-2.4t-a95b,openclaw,wordle,medium_frequency_words_no_clue_no_critic,instance_00010,background,chatcmpl-tool-a9a4aa754843427c,exec,,"Command still running (session amber-sable, pid 138). Use process (list/poll/log/write/send-keys/submit/paste/kill/clear/remove) for follow-up.",results_wordle/openclaw-with-qwen3.8-2.4t-a95b/wordle/medium_frequency_words_no_clue_no_critic/instance_00010/agent_loop.json
qwen3.8-2.4t-a95b,openclaw,wordle,medium_frequency_words_no_clue_no_critic,instance_00010,polls,chatcmpl-tool-b7b1d704e43dfcc5,process,,"{""action"": ""poll"", ""sessionId"": ""amber-sable"", ""timeout"": 30000}",results_wordle/openclaw-with-qwen3.8-2.4t-a95b/wordle/medium_frequency_words_no_clue_no_critic/instance_00010/agent_loop.json
qwen3.8-2.4t-a95b,openclaw,wordle,medium_frequency_words_no_clue_no_critic,instance_00010,background,chatcmpl-tool-a17e37e7b6febefe,exec,,"Command still running (session swift-ridge, pid 157). Use process (list/poll/log/write/send-keys/submit/paste/kill/clear/remove) for follow-up.",results_wordle/openclaw-with-qwen3.8-2.4t-a95b/wordle/medium_frequency_words_no_clue_no_critic/instance_00010/agent_loop.json
qwen3.8-2.4t-a95b,openclaw,wordle,medium_frequency_words_no_clue_no_critic,instance_00010,polls,chatcmpl-tool-8d7c297b25131b35,process,,"{""action"": ""poll"", ""sessionId"": ""swift-ridge"", ""timeout"": 30000}",results_wordle/openclaw-with-qwen3.8-2.4t-a95b/wordle/medium_frequency_words_no_clue_no_critic/instance_00010/agent_loop.json
qwen3.8-2.4t-a95b,openclaw,wordle,medium_frequency_words_no_clue_no_critic,instance_00010,background,chatcmpl-tool-a6184876a7e52a44,exec,,"Command still running (session kind-wharf, pid 162). Use process (list/poll/log/write/send-keys/submit/paste/kill/clear/remove) for follow-up.",results_wordle/openclaw-with-qwen3.8-2.4t-a95b/wordle/medium_frequency_words_no_clue_no_critic/instance_00010/agent_loop.json
qwen3.8-2.4t-a95b,openclaw,wordle,medium_frequency_words_no_clue_no_critic,instance_00010,polls,chatcmpl-tool-92d7864e1e7d48cc,process,,"{""action"": ""poll"", ""sessionId"": ""kind-wharf"", ""timeout"": 30000}",results_wordle/openclaw-with-qwen3.8-2.4t-a95b/wordle/medium_frequency_words_no_clue_no_critic/instance_00010/agent_loop.json
qwen3.8-2.4t-a95b,openclaw,wordle,medium_frequency_words_no_clue_no_critic,instance_00010,polls,chatcmpl-tool-b8790d9c362bd223,process,,"{""action"": ""poll"", ""sessionId"": ""kind-wharf"", ""timeout"": 60000}",results_wordle/openclaw-with-qwen3.8-2.4t-a95b/wordle/medium_frequency_words_no_clue_no_critic/instance_00010/agent_loop.json
qwen3.8-2.4t-a95b,openclaw,wordle,medium_frequency_words_no_clue_no_critic,instance_00010,interruptions,chatcmpl-tool-b8790d9c362bd223,process,,"(no new output)

Process exited with signal SIGTERM.",results_wordle/openclaw-with-qwen3.8-2.4t-a95b/wordle/medium_frequency_words_no_clue_no_critic/instance_00010/agent_loop.json
qwen3.8-2.4t-a95b,openclaw,wordle,medium_frequency_words_no_clue_no_critic,instance_00013,background,chatcmpl-tool-a531e662cb671a8e,exec,,"Command still running (session clear-shoal, pid 142). Use process (list/poll/log/write/send-keys/submit/paste/kill/clear/remove) for follow-up.",results_wordle/openclaw-with-qwen3.8-2.4t-a95b/wordle/medium_frequency_words_no_clue_no_critic/instance_00013/agent_loop.json
qwen3.8-2.4t-a95b,openclaw,wordle,medium_frequency_words_no_clue_no_critic,instance_00013,polls,chatcmpl-tool-b44574642ac52815,process,,"{""action"": ""poll"", ""sessionId"": ""clear-shoal"", ""timeout"": 30000}",results_wordle/openclaw-with-qwen3.8-2.4t-a95b/wordle/medium_frequency_words_no_clue_no_critic/instance_00013/agent_loop.json
qwen3.8-2.4t-a95b,openclaw,wordle,medium_frequency_words_no_clue_no_critic,instance_00013,polls,chatcmpl-tool-b706a8668dcd2bbe,process,,"{""action"": ""poll"", ""sessionId"": ""clear-shoal"", ""timeout"": 30000}",results_wordle/openclaw-with-qwen3.8-2.4t-a95b/wordle/medium_frequency_words_no_clue_no_critic/instance_00013/agent_loop.json
qwen3.8-2.4t-a95b,openclaw,wordle,medium_frequency_words_no_clue_no_critic,instance_00013,polls,chatcmpl-tool-83b0328f92637448,process,,"{""action"": ""poll"", ""sessionId"": ""clear-shoal"", ""timeout"": 20000}",results_wordle/openclaw-with-qwen3.8-2.4t-a95b/wordle/medium_frequency_words_no_clue_no_critic/instance_00013/agent_loop.json
